motif_seq,motif_ss,,,,,,,,.
CAC&GCCG,(.(&)..),,,,,,,,
AUCUG&CU,(...(&)),,,,,,,,
GGAG&CAC,(..(&).),,,,,,,,
GAGAAC&GAC,(....(&).),,,,,,,,
GAG&CGAC,(.(&)..),,,,,,,,
GGAGAAG&CGUAAC,(.....(&)....),,,,,,,,
CGGAU&AGAAG,(...(&)...),,,,,,,,
GUAG&CGUUC,(..(&)...),,,,,,,,
UGGAG&UGAGG,(...(&)...),,,,,,,,
GGGAAC&GGGAAC,(....(&)....),,,,,,,,
GAC&GCAGC,(.(&)...),,,,,,,,
CUGAC&GGAUG,(...(&)...),,,,,,,,
GGGAG&CGAAGAAC,(...(&)......),,,,,,,,
GAC&GC,(.(&)),,,,,,,,
AAC&GCU,(.(&).),,,,,,,,
GC&GAACUAC,((&).....),,,,,,,,
UGAC&GGAG,(..(&)..),,,,,,,,
GAG&UAAC,(.(&)..),,,,,,,,
GGAU&GCAC,(..(&)..),,,,,,,,
GAA&UAC,(.(&).),,,,,,,,
CGAAG&UGGAG,(...(&)...),,,,,,,,
AAC&GAU,(.(&).),,,,,,,,
GAU&GC,(.(&)),,,,,,,,
CAC&GCG,(.(&).),,,,,,,,
GGACCC&GCUAAC,(....(&)....),,,,,,,,
UGAAG&CGUAAG,(...(&)....),,,,,,,,
CAU&AG,(.(&)),,,,,,,,
CG&CAAG,((&)..),,,,,,,,
GGACG&CUAAC,(...(&)...),,,,,,,,
CCC&GUG,(.(&).),,,,,,,,
ACG&CAU,(.(&).),,,,,,,,
CCU&AUG,(.(&).),,,,,,,,
GGUAG&CGAAC,(...(&)...),,,,,,,,
CCC&GAUG,(.(&)..),,,,,,,,
GAG&UGGC,(.(&)..),,,,,,,,
CAG&CG,(.(&)),,,,,,,,
GG&CAC,((&).),,,,,,,,
CCAAG&UGCAG,(...(&)...),,,,,,,,
GAAGAAG&CGUAAC,(.....(&)....),,,,,,,,
ACU&AU,(.(&)),,,,,,,,
GUUCG&CC,(...(&)),,,,,,,,
CUCC&GUG,(..(&).),,,,,,,,
GCU&AAAC,(.(&)..),,,,,,,,
CAAG&CGAAG,(..(&)...),,,,,,,,
CCG&CUG,(.(&).),,,,,,,,
AGC&GAAU,(.(&)..),,,,,,,,
ACU&ACU,(.(&).),,,,,,,,
CAC&GAGG,(.(&)..),,,,,,,,
GACCC&GC,(...(&)),,,,,,,,
CGAG&CGAUGAG,(..(&).....),,,,,,,,
CAUAG&CG,(...(&)),,,,,,,,
CAC&GAAG,(.(&)..),,,,,,,,
CU&ACG,((&).),,,,,,,,
GUAAC&GCCC,(...(&)..),,,,,,,,
CAU&ACUAG,(.(&)...),,,,,,,,
UGCAG&CAA,(...(&).),,,,,,,,
ACAUG&CU,(...(&)),,,,,,,,
CUAU&AAACG,(..(&)...),,,,,,,,
AC&GAU,((&).),,,,,,,,
GCG&CC,(.(&)),,,,,,,,
GAAG&CCC,(..(&).),,,,,,,,
AGGACC&GAGAAU,(....(&)....),,,,,,,,
CAC&GAG,(.(&).),,,,,,,,
UUCUA&UUCUA,(...(&)...),,,,,,,,
CAGAG&CGACGAAG,(...(&)......),,,,,,,,
UAACAC&GGGAAAG,(....(&).....),,,,,,,,
GAACC&GUCCC,(...(&)...),,,,,,,,
AAGCAG&UCAGGU,(....(&)....),,,,,,,,
CUGCC&GAUG,(...(&)..),,,,,,,,
UAG&UCA,(.(&).),,,,,,,,
GUC&GCC,(.(&).),,,,,,,,
CA&UAG,((&).),,,,,,,,
GAC&GCC,(.(&).),,,,,,,,
GACG&UAC,(..(&).),,,,,,,,
GAACU&AUCCC,(...(&)...),,,,,,,,
ACAC&GAAAU,(..(&)...),,,,,,,,
CAG&CAG,(.(&).),,,,,,,,
UAC&GA,(.(&)),,,,,,,,
GGGAGC&GGGAGC,(....(&)....),,,,,,,,
AC&GCU,((&).),,,,,,,,
GAC&GGGU,(.(&)..),,,,,,,,
UAG&UGGG,(.(&)..),,,,,,,,
CCG&CCG,(.(&).),,,,,,,,
UAUC&GCCGAG,(..(&)....),,,,,,,,
AGAAA&UAAU,(...(&)..),,,,,,,,
AAU&GAU,(.(&).),,,,,,,,
GAC&GAC,(.(&).),,,,,,,,
UAG&CCG,(.(&).),,,,,,,,
CAA&UAG,(.(&).),,,,,,,,
CAU&AAG,(.(&).),,,,,,,,
UAACC&GAUGAAA,(...(&).....),,,,,,,,
CAA&UAAG,(.(&)..),,,,,,,,
ACGAAG&UGGGAUU,(....(&).....),,,,,,,,
AAUCU&ACU,(...(&).),,,,,,,,
CCG&UCG,(.(&).),,,,,,,,
CCG&UUG,(.(&).),,,,,,,,
UGGG&CAA,(..(&).),,,,,,,,
GAAU&AC,(..(&)),,,,,,,,
ACA&UAU,(.(&).),,,,,,,,
UCUUAG&CGACCA,(....(&)....),,,,,,,,
UAC&GACAAGA,(.(&).....),,,,,,,,
CGAUGAAA&UGGAG,(......(&)...),,,,,,,,
UCC&GAA,(.(&).),,,,,,,,
ACA&UUU,(.(&).),,,,,,,,
GAG&CCC,(.(&).),,,,,,,,
UAUGUAG&UGAAA,(.....(&)...),,,,,,,,
CAG&UAG,(.(&).),,,,,,,,
GUA&UCC,(.(&).),,,,,,,,
UUCG&UUCG,(..(&)..),,,,,,,,
CG&CCGUG,((&)...),,,,,,,,
AUU&ACU,(.(&).),,,,,,,,
GAGAG&UGGU,(...(&)..),,,,,,,,
GAAG&CC,(..(&)),,,,,,,,
UUAUUU&AUUCA,(....(&)...),,,,,,,,
AAU&ACU,(.(&).),,,,,,,,
GAG&CC,(.(&)),,,,,,,,
ACUAU&ACGAAU,(...(&)....),,,,,,,,
CGCAAG&CGCAAG,(....(&)....),,,,,,,,
UAAG&CA,(..(&)),,,,,,,,
ACC&GAU,(.(&).),,,,,,,,
UCA&UA,(.(&)),,,,,,,,
UCG&CA,(.(&)),,,,,,,,
CAA&UGG,(.(&).),,,,,,,,
CGU&GAG,(.(&).),,,,,,,,
UAA&UAG,(.(&).),,,,,,,,
GG&UAC,((&).),,,,,,,,
GUAAG&UAUC,(...(&)..),,,,,,,,
CAU&GGG,(.(&).),,,,,,,,
UACC&GA,(..(&)),,,,,,,,
CG&UAG,((&).),,,,,,,,
AGC&GAU,(.(&).),,,,,,,,
GACU&AC,(..(&)),,,,,,,,
AUG&CCGCU,(.(&)...),,,,,,,,
ACUG&UU,(..(&)),,,,,,,,
CUACC&GAUG,(...(&)..),,,,,,,,
GGC&GAC,(.(&).),,,,,,,,
CCU&ACG,(.(&).),,,,,,,,
AAAGG&UACU,(...(&)..),,,,,,,,
UGG&CAG,(.(&).),,,,,,,,
AAU&AGU,(.(&).),,,,,,,,
UACU&AA,(..(&)),,,,,,,,
GGG&CAC,(.(&).),,,,,,,,
UAAU&AA,(..(&)),,,,,,,,
CAUG&UGG,(..(&).),,,,,,,,
UAAU&AG,(..(&)),,,,,,,,
UCACAG&UCACAG,(....(&)....),,,,,,,,
GUG&UUAUC,(.(&)...),,,,,,,,
CUAAG&UAUG,(...(&)..),,,,,,,,
UGUUCG&CAG,(....(&).),,,,,,,,
AAGGAA&UGU,(....(&).),,,,,,,,
UU&ACGG,((&)..),,,,,,,,
UUAGUAC&GGAAUA,(.....(&)....),,,,,,,,
UAUUGG&CAGG,(....(&)..),,,,,,,,
UC&GAA,((&).),,,,,,,,
UA&UAA,((&).),,,,,,,,
AAG&CU,(.(&)),,,,,,,,
GAUGG&CAC,(...(&).),,,,,,,,
GA&UCC,((&).),,,,,,,,
GC&GCC,((&).),,,,,,,,
CGUUGAAA&UGGAG,(......(&)...),,,,,,,,
ACCGAA&UGUU,(....(&)..),,,,,,,,
UG&UAA,((&).),,,,,,,,
UG&CAA,((&).),,,,,,,,