pdb_name,m_sequence,pdb_res
TWOWAY.1NJP.2-3.CUAU-AAACG.0,AAACG_CUAU,3.5
TWOWAY.4IOA.2-3.CUAU-AAACG.0,AAACG_CUAU,3.2
TWOWAY.6NY2.1-2.GCU-AAAC.0,AAAC_GCU,3.2
TWOWAY.5O5J.3-2.AAAGG-UACU.0,AAAGG_UACU,3.45
TWOWAY.5O5J.2-2.AAAG-CGAU.0,AAAG_CGAU,3.45
TWOWAY.7LMA.1-1.GAU-AAC.0,AAC_GAU,3.3
TWOWAY.5XXU.1-1.GCU-AAC.0,AAC_GCU,3.35
TWOWAY.7JQC.1-1.AAC-GCU.0,AAC_GCU,3.3
TWOWAY.1LNT.4-4.UCAGGU-AAGCAG.0,AAGCAG_UCAGGU,1.7
NWAY.6E8U.0-1-2.AA-UGU-AAGG.0,AAGGAA_UGU,1.55
NWAY.3HOY.1-0-0-0.AAG-DA-DC-DT.0,AAG_CAU,3.4
TWOWAY.4ANG.0-1.CU-AAG.0,AAG_CU,3.5
TWOWAY.5VSU.0-1.CU-AAG.0,AAG_CU,3.1
TWOWAY.6ZVI.2-2.AAUA-UUCU.0,AAUA_UUCU,3
TWOWAY.7EL1.1-3.ACU-AAUCU.0,AAUCU_ACU,2.22
TWOWAY.1Z7F.1-1.AAU-ACU.0,AAU_ACU,2.1
TWOWAY.1Z7F.1-1.ACU-AAU.0,AAU_ACU,2.1
TWOWAY.5CCB.1-1.ACU-AAU.0,AAU_ACU,2
TWOWAY.5D0B.1-1.ACU-AAU.0,AAU_ACU,2.65
TWOWAY.2H1M.1-1.AAU-AGU.0,AAU_AGU,2.9
TWOWAY.2H1M.1-1.AGU-AAU.0,AAU_AGU,2.9
TWOWAY.5XYI.1-1.AGU-AAU.0,AAU_AGU,3.35
TWOWAY.7LMA.1-1.AAU-AGU.0,AAU_AGU,3.3
TWOWAY.6SWD.1-1.GAU-AAU.0,AAU_GAU,3.2
TWOWAY.1NJP.1-1.ACA-UAU.0,ACA_UAU,3.5
TWOWAY.5XYI.1-1.ACA-UUU.0,ACA_UUU,3.35
NWAY.3WBM.6.ACCCGACU.0,ACCC_GACU,2
TWOWAY.3WBM.2-2.GACU-ACCC.0,ACCC_GACU,2
TWOWAY.5XXU.2-4.UGUU-ACCGAA.0,ACCGAA_UGUU,3.35
TWOWAY.1TFW.1-1.ACC-GAU.0,ACC_GAU,2.2
TWOWAY.6YSI.4-3.ACGAAU-ACUAU.0,ACGAAU_ACUAU,2.5
TWOWAY.5XYM.0-2.UU-ACGG.0,ACGG_UU,3.08
TWOWAY.4M4O.1-1.ACG-CAU.0,ACG_CAU,2
TWOWAY.4YHW.1-1.ACG-CCU.0,ACG_CCU,2.35
TWOWAY.7JQC.1-1.CCU-ACG.0,ACG_CCU,3.3
TWOWAY.6N7R.0-1.CU-ACG.0,ACG_CU,3.2
TWOWAY.7KGA.1-3.CAU-ACUAG.0,ACUAG_CAU,2.1
TWOWAY.6YS3.0-2.UU-ACUG.0,ACUG_UU,2.58
NWAY.5AY2.-1-0-1.U-AC-ACU.0,ACU_ACU,1.3
NWAY.5AY2.1--1-0.ACU-U-AC.0,ACU_ACU,1.3
TWOWAY.1YZ9.1-1.ACU-ACU.0,ACU_ACU,2.1
TWOWAY.6ZDP.0-1.AU-ACU.0,ACU_AU,2.85
TWOWAY.6QKL.1-1.AUU-ACU.0,ACU_AUU,3.3
TWOWAY.6QKL.2-3.UAAU-AGAAA.0,AGAAA_UAAU,3.3
TWOWAY.7JQC.3-3.CGGAU-AGAAG.0,AGAAG_CGGAU,3.3
TWOWAY.5XYM.1-1.AGC-GAU.0,AGC_GAU,3.08
TWOWAY.5XYM.4-4.AGGACC-GAGAAU.0,AGGACC_GAGAAU,3.08
TWOWAY.397D.3-0.AUCUG-CU.0,AUCUG_CU,1.3
TWOWAY.6XH2.3-0.AUCUG-CU.0,AUCUG_CU,1.71
TWOWAY.6FF4.2-2.AUCU-AUUU.0,AUCU_AUUU,3.4
TWOWAY.3J7A.1-1.AUG-CCU.0,AUG_CCU,3.2
TWOWAY.3J7A.1-1.AUG-CCU.1,AUG_CCU,3.2
TWOWAY.6OKK.1-1.AUG-CCU.0,AUG_CCU,3.3
TWOWAY.6OKK.1-1.AUG-CCU.1,AUG_CCU,3.3
TWOWAY.1U9S.0-2.CG-CAAG.0,CAAG_CG,2.9
TWOWAY.6N7R.1-1.UAG-CAA.0,CAA_UAG,3.2
TWOWAY.1S03.0-1.UG-CAA.0,CAA_UG,2.7
TWOWAY.6YS3.1-0.CAA-UG.0,CAA_UG,2.58
TWOWAY.7LYF.1-1.UGG-CAA.0,CAA_UGG,3.4
TWOWAY.4M4O.1-1.GAG-CAC.0,CAC_GAG,2
TWOWAY.6AGB.1-1.CAC-GCG.0,CAC_GCG,3.48
TWOWAY.6AH3.1-1.CAC-GCG.0,CAC_GCG,2.48
TWOWAY.5XYM.1-0.CAC-GG.0,CAC_GG,3.08
TWOWAY.6MSF.0-1.GG-CAC.0,CAC_GG,2.8
TWOWAY.6QKL.0-1.GG-CAC.0,CAC_GG,3.3
TWOWAY.6YSI.1-0.CAC-GG.0,CAC_GG,2.5
TWOWAY.6ZVI.0-1.GG-CAC.0,CAC_GG,3
TWOWAY.7JQC.1-0.CAC-GG.0,CAC_GG,3.3
TWOWAY.3D0U.1-1.GGG-CAC.0,CAC_GGG,2.8
TWOWAY.3DIL.1-1.GGG-CAC.0,CAC_GGG,1.9
NWAY.3NJ7.4.CAGCAG.0,CAG_CAG,1.9
TWOWAY.3NJ7.1-1.CAG-CAG.0,CAG_CAG,1.9
TWOWAY.4J50.1-1.CAG-CAG.0,CAG_CAG,1.65
TWOWAY.4J50.1-1.CAG-CAG.1,CAG_CAG,1.65
TWOWAY.4J50.1-1.CAG-CAG.2,CAG_CAG,1.65
TWOWAY.2QUX.0-1.CG-CAG.0,CAG_CG,2.44
TWOWAY.3MJA.1-0.CAG-CG.0,CAG_CG,2.8
TWOWAY.4IOA.0-1.CG-CAG.0,CAG_CG,3.2
TWOWAY.4R4V.1-0.CAG-CG.0,CAG_CG,3.07
TWOWAY.5XYM.0-1.CG-CAG.0,CAG_CG,3.08
TWOWAY.6QKL.0-1.CG-CAG.0,CAG_CG,3.3
TWOWAY.6SPB.0-1.CG-CAG.0,CAG_CG,2.82
TWOWAY.6WQN.0-1.CG-CAG.0,CAG_CG,2.9
TWOWAY.6YS3.0-1.CG-CAG.0,CAG_CG,2.58
TWOWAY.6YS3.1-0.CAG-CG.0,CAG_CG,2.58
TWOWAY.6ZVI.0-1.CG-CAG.0,CAG_CG,3
TWOWAY.5UNE.1-1.CAG-UAG.0,CAG_UAG,2.9
TWOWAY.5UNE.1-1.UAG-CAG.0,CAG_UAG,2.9
TWOWAY.3CUL.1-1.UGG-CAG.0,CAG_UGG,2.8
NWAY.2GJW.0-0-0-0.CA-AG-DU-CG.0,CAUAG_CG,2.85
TWOWAY.6ZVI.2-1.CAUG-UGG.0,CAUG_UGG,3
TWOWAY.4L8H.0-1.AG-CAU.0,CAU_AG,2.4
TWOWAY.6SPC.1-0.CAU-AG.0,CAU_AG,2.95
TWOWAY.2R8S.3-3.CCAAG-UGCAG.0,CCAAG_UGCAG,1.95
NWAY.1KOG.-1-1-2.U-AUG-CCAC.0,CCACU_AUG,3.5
NWAY.5EW4.0-0-2.CG-CC-CCCG.0,CCCG_CCCG,1.47
NWAY.5EW4.2-0-0.CCCG-CG-CC.0,CCCG_CCCG,1.47
TWOWAY.6IA2.1-1.CCC-GAG.0,CCC_GAG,2.27
NWAY.3PO2.1-0-0-0.CCC-DG-DG-DT.0,CCC_GUG,3.3
NWAY.3PO3.1-0-0-0.CCC-DG-DG-DT.0,CCC_GUG,3.3
NWAY.4BXX.1-0-0-0.CCC-DG-DG-DT.0,CCC_GUG,3.28
TWOWAY.4JYA.1-1.CCC-GUG.0,CCC_GUG,3.1
TWOWAY.1NJP.1-1.CCG-CCG.0,CCG_CCG,3.5
TWOWAY.4E59.1-1.CCG-CCG.0,CCG_CCG,1.54
TWOWAY.4IOA.1-1.CCG-CCG.0,CCG_CCG,3.2
TWOWAY.3RW6.1-1.CCG-CUG.1,CCG_CUG,2.3
TWOWAY.5ZTM.1-1.UAG-CCG.0,CCG_UAG,2.9
TWOWAY.4IOA.1-1.UCG-CCG.0,CCG_UCG,3.2
TWOWAY.3J7A.1-1.UUG-CCG.0,CCG_UUG,3.2
TWOWAY.6OKK.1-1.UUG-CCG.0,CCG_UUG,3.3
NWAY.4K27.-1--1--1-1-0.C-C-C-CUG-UG.0,CCUG_CCUG,2.35
NWAY.4K27.0-2-0.UG-CCUG-CC.0,CCUG_CCUG,2.35
TWOWAY.4K27.2-2.CCUG-CCUG.0,CCUG_CCUG,2.35
TWOWAY.6SWD.3-3.CGAAC-GGUAG.0,CGAAC_GGUAG,3.2
TWOWAY.4R4V.3-2.CGAAG-CAAG.0,CGAAG_CAAG,3.07
TWOWAY.4UYK.3-3.UGGAG-CGAAG.0,CGAAG_UGGAG,3.22
TWOWAY.2OIU.4-4.CGACCA-UCUUAG.0,CGACCA_UCUUAG,2.6
TWOWAY.4KQY.3-6.CAGAG-CGACGAAG.0,CGACGAAG_CAGAG,3.02
TWOWAY.7LYF.2-1.CGAC-GAG.0,CGAC_GAG,3.4
TWOWAY.1SA9.2-2.CGAG-CGAG.0,CGAG_CGAG,2.86
TWOWAY.1SA9.2-2.CGAG-CGAG.1,CGAG_CGAG,2.86
TWOWAY.1SAQ.2-2.CGAG-CGAG.0,CGAG_CGAG,2.7
TWOWAY.1SAQ.2-2.CGAG-CGAG.1,CGAG_CGAG,2.7
TWOWAY.3V7E.3-6.UGGAG-CGAUGAAA.0,CGAUGAAA_UGGAG,2.8
TWOWAY.3V7E.3-6.UGGAG-CGAUGAAA.1,CGAUGAAA_UGGAG,2.8
TWOWAY.6O5F.4-4.CGCAAG-CGCAAG.0,CGCAAG_CGCAAG,2.5
TWOWAY.6SPB.3-4.UGAAG-CGUAAG.0,CGUAAG_UGAAG,2.82
NWAY.5XPA.2-6--1.DADG-DGDTGUUC-C.0,CGUUC_GUAG,2.9
TWOWAY.4IOA.3-6.UGGAG-CGUUGAAA.0,CGUUGAAA_UGGAG,3.2
TWOWAY.4AOB.1-1.GAG-CGU.0,CGU_GAG,2.95
TWOWAY.3IGI.3-3.GGACG-CUAAC.0,CUAAC_GGACG,3.13
NWAY.4PCJ.1-2-0.AAG-UAUG-CU.0,CUAAG_UAUG,1.9
NWAY.5VCI.1-0-2.AAG-CU-UAUG.0,CUAAG_UAUG,2.6
NWAY.5Y7M.0-2--1--1--1.UA-CUAA-U-G-G.0,CUAAG_UAUG,3.1
TWOWAY.1KXK.3-2.CUAAG-UAUG.0,CUAAG_UAUG,3
TWOWAY.3IGI.2-3.UAUG-CUAAG.0,CUAAG_UAUG,3.13
TWOWAY.4K27.3-2.CUAAG-UAUG.0,CUAAG_UAUG,2.35
TWOWAY.5BTM.3-2.CUAAG-UAUG.0,CUAAG_UAUG,2.78
TWOWAY.5M0H.3-2.CUAAG-UAUG.0,CUAAG_UAUG,2.65
TWOWAY.6AZ4.3-2.CUAAG-UAUG.0,CUAAG_UAUG,2.98
TWOWAY.6WPI.3-2.CUAAG-UAUG.0,CUAAG_UAUG,3.02
TWOWAY.1FJG.3-2.CUACC-GAUG.0,CUACC_GAUG,3
TWOWAY.1HNW.3-2.CUACC-GAUG.0,CUACC_GAUG,3.4
TWOWAY.1N32.3-2.CUACC-GAUG.0,CUACC_GAUG,3
TWOWAY.1N33.3-2.CUACC-GAUG.0,CUACC_GAUG,3.35
TWOWAY.1XNQ.3-2.CUACC-GAUG.0,CUACC_GAUG,3.05
TWOWAY.1XNR.3-2.CUACC-GAUG.0,CUACC_GAUG,3.1
TWOWAY.2UXB.3-2.CUACC-GAUG.0,CUACC_GAUG,3.1
TWOWAY.2UXC.3-2.CUACC-GAUG.0,CUACC_GAUG,2.9
TWOWAY.2UXD.3-2.CUACC-GAUG.0,CUACC_GAUG,3.2
TWOWAY.4B3R.3-2.CUACC-GAUG.0,CUACC_GAUG,3
TWOWAY.4JYA.3-2.CUACC-GAUG.0,CUACC_GAUG,3.1
TWOWAY.4KHP.3-2.CUACC-GAUG.0,CUACC_GAUG,3.1
TWOWAY.6SWD.3-2.CUACC-GAUG.0,CUACC_GAUG,3.2
TWOWAY.3PDR.1-2.GUG-CUCC.1,CUCC_GUG,1.85
TWOWAY.7JQC.3-3.CUGAC-GGAUG.0,CUGAC_GGAUG,3.3
TWOWAY.5O5J.3-2.CUGCC-GAUG.0,CUGCC_GAUG,3.45
TWOWAY.4YAZ.2-3.ACAC-GAAAU.1,GAAAU_ACAC,2
TWOWAY.5XYM.3-3.GUCCC-GAACC.0,GAACC_GUCCC,3.08
TWOWAY.2PN3.5-0.GAACUAC-GC.0,GAACUAC_GC,2.9
TWOWAY.3P59.5-0.GAACUAC-GC.0,GAACUAC_GC,2.18
TWOWAY.3TZR.5-0.GAACUAC-GC.0,GAACUAC_GC,2.21
TWOWAY.1NJP.4-5.CGUAAC-GAAGAAG.0,GAAGAAG_CGUAAC,3.5
TWOWAY.6DME.1-2.CAC-GAAG.0,GAAG_CAC,2.7
TWOWAY.1MJI.0-2.CC-GAAG.0,GAAG_CC,2.5
TWOWAY.5XYM.2-0.GAAG-CC.0,GAAG_CC,3.08
TWOWAY.6SPB.0-2.CC-GAAG.0,GAAG_CC,2.82
TWOWAY.6SPB.2-0.GAAG-CC.0,GAAG_CC,2.82
TWOWAY.6YS3.2-0.GAAG-CC.0,GAAG_CC,2.58
TWOWAY.6YSI.0-2.CC-GAAG.0,GAAG_CC,2.5
NWAY.7C7L.1-1--1.AAG-CCC-G.0,GAAG_CCC,3.3
NWAY.6D8A.0-2-0-0.AC-DADA-DG-DT.0,GAAU_AC,2.25
TWOWAY.3J7A.0-2.AC-GAAU.0,GAAU_AC,3.2
TWOWAY.5XXU.0-2.AC-GAAU.0,GAAU_AC,3.35
TWOWAY.6OKK.0-2.AC-GAAU.0,GAAU_AC,3.3
TWOWAY.6ZVI.0-2.AC-GAAU.0,GAAU_AC,3
TWOWAY.7JQC.0-2.AC-GAAU.0,GAAU_AC,3.3
TWOWAY.6SPC.2-1.GAAU-AGC.0,GAAU_AGC,2.95
NWAY.3HOY.2-0-2-0.DADA-DG-DADC-DT.0,GAA_UAC,3.4
TWOWAY.2VPL.0-1.UC-GAA.0,GAA_UC,2.3
TWOWAY.6WPI.1-0.GAA-UC.0,GAA_UC,3.02
TWOWAY.6YS3.0-1.UC-GAA.0,GAA_UC,2.58
TWOWAY.4P95.1-1.GAA-UCC.0,GAA_UCC,2.5
TWOWAY.5XYI.1-1.GAA-UCC.0,GAA_UCC,3.35
TWOWAY.5NWQ.1-5.UAC-GACAAGA.0,GACAAGA_UAC,1.91
TWOWAY.6NEQ.3-0.GACCC-GC.0,GACCC_GC,3.32
TWOWAY.1D4R.2-2.GACC-GACC.0,GACC_GACC,2
TWOWAY.1D4R.2-2.GACC-GACC.1,GACC_GACC,2
TWOWAY.1JID.2-2.GACC-GACC.0,GACC_GACC,1.8
TWOWAY.1L9A.2-2.GACC-GACC.0,GACC_GACC,2.9
TWOWAY.1MFQ.2-2.GACC-GACC.0,GACC_GACC,3.1
TWOWAY.4IOA.1-2.UAC-GACG.0,GACG_UAC,3.2
TWOWAY.6VRC.2-0.GACU-AC.0,GACU_AC,3.2
TWOWAY.5H1K.1-1.GAC-GAC.0,GAC_GAC,1.9
TWOWAY.1CSL.0-1.GC-GAC.0,GAC_GC,1.6
TWOWAY.1DUQ.0-1.GC-GAC.0,GAC_GC,2.1
TWOWAY.1DUQ.0-1.GC-GAC.1,GAC_GC,2.1
TWOWAY.1DUQ.0-1.GC-GAC.2,GAC_GC,2.1
TWOWAY.1DUQ.0-1.GC-GAC.3,GAC_GC,2.1
TWOWAY.1NJP.1-0.GAC-GC.0,GAC_GC,3.5
TWOWAY.4IOA.1-0.GAC-GC.0,GAC_GC,3.2
TWOWAY.4PMI.0-1.GC-GAC.0,GAC_GC,3.2
TWOWAY.6WQN.1-0.GAC-GC.0,GAC_GC,2.9
TWOWAY.6YS3.1-0.GAC-GC.0,GAC_GC,2.58
TWOWAY.6OL3.1-1.GAC-GCC.0,GAC_GCC,2.74
TWOWAY.4M4O.1-1.GGC-GAC.0,GAC_GGC,2
TWOWAY.1NJP.4-1.GAGAAC-GAC.0,GAGAAC_GAC,3.5
TWOWAY.1KUQ.3-2.GAGAG-UGGU.0,GAGAG_UGGU,2.84
TWOWAY.1XJR.1-2.CAC-GAGG.0,GAGG_CAC,2.7
TWOWAY.1EFO.2-1.DCDC-GAG.0,GAG_CC,2.3
TWOWAY.2C4Q.0-1.CC-GAG.0,GAG_CC,2.38
TWOWAY.6CYT.0-1.CC-GAG.0,GAG_CC,3.5
TWOWAY.6D3P.0-1.CC-GAG.0,GAG_CC,2.9
TWOWAY.6NEQ.1-0.GAG-CC.0,GAG_CC,3.32
TWOWAY.6QKL.0-1.CC-GAG.0,GAG_CC,3.3
TWOWAY.6XH2.0-1.CC-GAG.0,GAG_CC,1.71
TWOWAY.6YSI.0-1.CC-GAG.0,GAG_CC,2.5
TWOWAY.7C7L.0-1.CC-GAG.0,GAG_CC,3.3
TWOWAY.7L49.0-1.CC-GAG.0,GAG_CC,3.1
NWAY.5XTM.3-3-0.UGAAA-UAACC-GA.0,GAUGAAA_UAACC,2.1
TWOWAY.3MXH.1-3.CAC-GAUGG.0,GAUGG_CAC,2.3
TWOWAY.4N0T.1-2.CCC-GAUG.0,GAUG_CCC,1.7
TWOWAY.5WWT.0-1.AC-GAU.0,GAU_AC,3.2
TWOWAY.7MKY.0-1.AC-GAU.0,GAU_AC,1.31
TWOWAY.6YS3.0-1.GC-GAU.0,GAU_GC,2.58
TWOWAY.6ZVI.2-2.GGAU-GCAC.0,GCAC_GGAU,3
TWOWAY.4R4V.1-3.GAC-GCAGC.0,GCAGC_GAC,3.07
TWOWAY.6SPB.2-4.UAUC-GCCGAG.0,GCCGAG_UAUC,2.82
TWOWAY.1U6B.2-1.GCCG-CAC.0,GCCG_CAC,3.1
TWOWAY.3SN2.0-1.GC-GCC.0,GCC_GC,2.99
TWOWAY.6YSI.1-1.GUC-GCC.0,GCC_GUC,2.5
TWOWAY.4RZD.0-1.CC-GCG.0,GCG_CC,2.75
NWAY.4QK9.2-4-0.UAAC-GGACCC-GC.0,GCUAAC_GGACCC,3.05
NWAY.4QLM.0-4-2.AC-GGACCC-GCUA.0,GCUAAC_GGACCC,2.72
TWOWAY.4W90.4-4.GCUAAC-GGACCC.0,GCUAAC_GGACCC,3.12
TWOWAY.3HHN.0-1.AC-GCU.0,GCU_AC,2.99
TWOWAY.4IOA.1-0.GCU-AC.0,GCU_AC,3.2
TWOWAY.5F5H.1-0.GCU-AC.0,GCU_AC,2.23
TWOWAY.1NJP.3-1.GGAAG-CGC.0,GGAAG_CGC,3.5
NWAY.3CJZ.1--1-0--1-0-1.M2G-G-AC-G-AC-M2G.0,GGAC_GGAC,1.8
TWOWAY.5LQO.2-2.GGAC-GGAC.0,GGAC_GGAC,1.87
TWOWAY.5XYM.4-5.CGUAAC-GGAGAAG.0,GGAGAAG_CGUAAC,3.08
TWOWAY.6SPB.4-5.CGUAAC-GGAGAAG.0,GGAGAAG_CGUAAC,2.82
TWOWAY.6YS3.4-5.CGUAAC-GGAGAAG.0,GGAGAAG_CGUAAC,2.58
TWOWAY.5MSF.1-2.CAC-GGAG.0,GGAG_CAC,2.8
NWAY.4XWF.-1-2-1.C-GGAG-UGA.0,GGAG_UGAC,1.8
TWOWAY.1FJG.2-2.GGAG-UGAC.0,GGAG_UGAC,3
TWOWAY.1HNW.2-2.GGAG-UGAC.0,GGAG_UGAC,3.4
TWOWAY.1N32.2-2.GGAG-UGAC.0,GGAG_UGAC,3
TWOWAY.1XNQ.2-2.GGAG-UGAC.0,GGAG_UGAC,3.05
TWOWAY.1XNR.2-2.GGAG-UGAC.0,GGAG_UGAC,3.1
TWOWAY.2UXC.2-2.GGAG-UGAC.0,GGAG_UGAC,2.9
TWOWAY.2UXD.2-2.GGAG-UGAC.0,GGAG_UGAC,3.2
TWOWAY.4JV5.2-2.GGAG-UGAC.0,GGAG_UGAC,3.16
TWOWAY.4KHP.2-2.GGAG-UGAC.0,GGAG_UGAC,3.1
TWOWAY.6SPC.2-2.GGAG-UGAC.0,GGAG_UGAC,2.95
NWAY.2R8S.5-2-0.GGGAAAG-UAAC-AC.0,GGGAAAG_UAACAC,1.95
TWOWAY.3FTE.4-4.GGGAAC-GGGAAC.0,GGGAAC_GGGAAC,3
TWOWAY.3FTF.4-4.GGGAAC-GGGAAC.0,GGGAAC_GGGAAC,2.8
TWOWAY.1D4R.4-4.GGGAGC-GGGAGC.0,GGGAGC_GGGAGC,2
TWOWAY.5O5J.2-2.UAAC-GGGA.0,GGGA_UAAC,3.45
TWOWAY.6N7R.1-2.GAC-GGGU.0,GGGU_GAC,3.2
TWOWAY.1CSL.2-3.GGGC-GGUAC.0,GGUAC_GGGC,1.6
TWOWAY.1DUQ.2-3.GGGC-GGUAC.0,GGUAC_GGGC,2.1
TWOWAY.1DUQ.2-3.GGGC-GGUAC.1,GGUAC_GGGC,2.1
TWOWAY.1DUQ.2-3.GGGC-GGUAC.2,GGUAC_GGGC,2.1
TWOWAY.1DUQ.2-3.GGGC-GGUAC.3,GGUAC_GGGC,2.1
TWOWAY.3LOA.2-3.GCCC-GUAAC.0,GUAAC_GCCC,2.8
TWOWAY.6SPB.3-2.GUAAG-UAUC.0,GUAAG_UAUC,2.82
TWOWAY.6YS3.3-2.GUAAG-UAUC.0,GUAAG_UAUC,2.58
TWOWAY.6SPB.1-1.UCC-GUA.0,GUA_UCC,2.82
TWOWAY.1R3E.0-3.CC-GUUCG.0,GUUCG_CC,2.1
TWOWAY.1R3E.3-0.GUUCG-CC.0,GUUCG_CC,2.1
TWOWAY.5O5J.2-1.UAAC-GAG.0,UAAC_GAG,3.45
TWOWAY.4R4V.2-0.UAAG-CA.0,UAAG_CA,3.07
TWOWAY.6N7R.1-2.CAA-UAAG.0,UAAG_CAA,3.2
TWOWAY.3RW6.2-0.UAAU-AA.1,UAAU_AA,2.3
TWOWAY.3RW6.0-2.AG-UAAU.1,UAAU_AG,2.3
NWAY.1I9X.-1--1-1.A-U-UAA.0,UAA_UA,2.18
NWAY.1I9X.1--1--1.UAA-A-U.0,UAA_UA,2.18
TWOWAY.5O5J.0-1.UA-UAA.0,UAA_UA,3.45
TWOWAY.6NEQ.1-1.UAG-UAA.0,UAA_UAG,3.32
TWOWAY.6SWD.1-0.UAA-UG.0,UAA_UG,3.2
TWOWAY.6ZVI.2-2.UACA-UUAA.0,UACA_UUAA,3
TWOWAY.1NJP.0-2.GA-UACC.0,UACC_GA,3.5
TWOWAY.4IOA.0-2.GA-UACC.0,UACC_GA,3.2
TWOWAY.6SPB.0-2.AA-UACU.0,UACU_AA,2.82
TWOWAY.1JZV.0-1.GA-UAC.0,UAC_GA,1.7
TWOWAY.1JZV.0-1.GA-UAC.1,UAC_GA,1.7
TWOWAY.5O5J.1-0.UAC-GA.0,UAC_GA,3.45
TWOWAY.6N7R.0-1.GA-UAC.0,UAC_GA,3.2
TWOWAY.6ZVI.0-1.GA-UAC.0,UAC_GA,3
TWOWAY.4IOA.1-0.UAC-GG.0,UAC_GG,3.2
TWOWAY.2QWY.0-1.CA-UAG.0,UAG_CA,2.8
TWOWAY.4R4V.0-1.CA-UAG.0,UAG_CA,3.07
TWOWAY.6SPB.1-0.UAG-CG.0,UAG_CG,2.82
TWOWAY.5XXU.1-1.UAG-UCA.0,UAG_UCA,3.35
TWOWAY.6YS3.5-3.UAUGUAG-UGAAA.0,UAUGUAG_UGAAA,2.58
TWOWAY.3CUL.2-4.CAGG-UAUUGG.0,UAUUGG_CAGG,2.8
TWOWAY.3CUL.2-4.CAGG-UAUUGG.1,UAUUGG_CAGG,2.8
TWOWAY.1KD4.4-4.UCACAG-UCACAG.0,UCACAG_UCACAG,1.85
TWOWAY.1KD5.4-4.UCACAG-UCACAG.0,UCACAG_UCACAG,1.58
TWOWAY.3J7A.1-0.UCA-UA.0,UCA_UA,3.2
TWOWAY.6AZ1.1-0.UCA-UA.0,UCA_UA,2.7
TWOWAY.6OKK.1-0.UCA-UA.0,UCA_UA,3.3
NWAY.6YS3.-1-1--1.G-UCC-A.0,UCC_GA,2.58
TWOWAY.6YSI.1-0.UCC-GA.0,UCC_GA,2.5
TWOWAY.1DQF.0-1.CA-UCG.0,UCG_CA,2.2
TWOWAY.1DQH.0-1.CA-UCG.0,UCG_CA,1.7
TWOWAY.5XYM.1-0.UCG-CA.0,UCG_CA,3.08
TWOWAY.6ZYM.0-1.CA-UCG.0,UCG_CA,3.4
TWOWAY.6YS3.3-3.UGAGG-UGGAG.0,UGAGG_UGGAG,2.58
TWOWAY.4RUM.1-3.CAA-UGCAG.0,UGCAG_CAA,2.64
TWOWAY.5O5J.2-1.UGGC-GAG.0,UGGC_GAG,3.45
TWOWAY.6JXM.4-5.ACGAAG-UGGGAUU.0,UGGGAUU_ACGAAG,3.32
TWOWAY.5XYM.1-2.CAA-UGGG.0,UGGG_CAA,3.08
TWOWAY.6QKL.1-2.UAG-UGGG.0,UGGG_UAG,3.3
TWOWAY.6SPB.1-2.UAG-UGGG.0,UGGG_UAG,2.82
TWOWAY.6YS3.1-2.UAG-UGGG.0,UGGG_UAG,2.58
TWOWAY.6CK5.1-4.CAG-UGUUCG.0,UGUUCG_CAG,2.49
NWAY.1UN6.2-5-0.AAUA-UUAGUAC-GG.0,UUAGUAC_GGAAUA,3.1
TWOWAY.6ZVI.1-3.GUG-UUAUC.0,UUAUC_GUG,3
TWOWAY.6ZVI.4-3.UUAUUU-AUUCA.0,UUAUUU_AUUCA,3
NWAY.1QBP.-1-1-2.G-UUC-UUCG.0,UUCG_UUCG,2.1
NWAY.422D.-1-1-2.G-UUC-UUCG.0,UUCG_UUCG,2.6
NWAY.4ERD.0-0-0-0.UU-CG-UU-CG.0,UUCG_UUCG,2.59
TWOWAY.1ICG.2-2.UUCG-UUCG.0,UUCG_UUCG,1.53
TWOWAY.1QBP.2-2.UUCG-UUCG.0,UUCG_UUCG,2.1
TWOWAY.1QBP.2-2.UUCG-UUCG.1,UUCG_UUCG,2.1
TWOWAY.5BTM.3-3.UUCUA-UUCUA.0,UUCUA_UUCUA,2.78
